{"25": {"angles": [-165, -150, -135, -120, -105, -90, -75, -60, -45, -30, -15, 0, 15, 30, 45, 60, 75, 90, 105, 120, 135, 150, 165, 180], "final_energies": [-230.04130424, -230.03985144, -230.03818705, -230.03747469, -230.03830335, -230.03996011, -230.04085185, -230.03983861, -230.03694741, -230.0328115, -230.02903739, -230.02750672, -230.02903741, -230.03281139, -230.03694742, -230.03983863, -230.04085188, -230.03996011, -230.03830335, -230.03747487, -230.03818613, -230.03985159, -230.04130427, -230.0418226]}, "39": {"angles": [-165, -150, -135, -120, -105, -90, -75, -60, -45, -30, -15, 0, 15, 30, 45, 60, 75, 90, 105, 120, 135, 150, 165, 180], "final_energies": [-295.99776726, -295.99758655, -295.99751352, -295.99774725, -295.99832108, -295.99906459, -295.99970325, -295.99997928, -295.99977163, -295.99921466, -295.99864879, -295.9984157, -295.99864883, -295.99921506, -295.9997717, -295.99997744, -295.99970355, -295.99906449, -295.99832125, -295.99774726, -295.99751411, -295.9975866, -295.99776749, -295.99785152]}, "50": {"angles": [-165, -150, -135, -120, -105, -90, -75, -60, -45, -30, -15, 0, 15, 30, 45, 60, 75, 90, 105, 120, 135, 150, 165, 180], "final_energies": [-444.57326181, -444.56955716, -444.56439531, -444.55939249, -444.55604339, -444.55528711, -444.55627542, -444.55751085, -444.55930268, -444.56049522, -444.56081049, -444.56028212, -444.56081178, -444.5604953, -444.55930276, -444.55751076, -444.55627552, -444.5552871, -444.55604341, -444.55939256, -444.56439532, -444.56955709, -444.57326182, -444.57459034]}, "51": {"angles": [-165, -150, -135, -120, -105, -90, -75, -60, -45, -30, -15, 0, 15, 30, 45, 60, 75, 90, 105, 120, 135, 150, 165, 180], "final_energies": [-1203.25028731, -1203.25249646, -1203.25520345, -1203.25746192, -1203.2575529, -1203.25571592, -1203.25345431, -1203.25154436, -1203.25092974, -1203.25245229, -1203.25439625, -1203.25560868, -1203.25595183, -1203.25604327, -1203.25699692, -1203.25926531, -1203.26195302, -1203.26442719, -1203.26556084, -1203.26415856, -1203.26006031, -1203.25519603, -1203.25115708, -1203.24950479]}, "53": {"angles": [-165, -150, -135, -120, -105, -90, -75, -60, -45, -30, -15, 0, 15, 30, 45, 60, 75, 90, 105, 120, 135, 150, 165, 180], "final_energies": [-456.01829938, -456.01827184, -456.01793633, -456.01728806, -456.01665579, -456.01693656, -456.01771932, -456.01790102, -456.01642867, -456.01241708, -456.00601494, -455.99810608, -456.00601946, -456.01241751, -456.01642866, -456.0179033, -456.01768758, -456.01693811, -456.01665095, -456.01728539, -456.01793605, -456.01827157, -456.01829502, -456.01825537]}, "56": {"angles": [-165, -150, -135, -120, -105, -90, -75, -60, -45, -30, -15, 0, 15, 30, 45, 60, 75, 90, 105, 120, 135, 150, 165, 180], "final_energies": [-587.69824583, -587.69706105, -587.69540002, -587.69418443, -587.69414833, -587.69527437, -587.69689778, -587.69808753, -587.6980718, -587.69670825, -587.69480261, -587.69349137, -587.69369752, -587.69524814, -587.69723153, -587.69868411, -587.69904381, -587.69833201, -587.69692953, -587.6955336, -587.69542561, -587.6965337, -587.69772411, -587.69843759]}, "58": {"angles": [-165, -150, -135, -120, -105, -90, -75, -60, -45, -30, -15, 0, 15, 30, 45, 60, 75, 90, 105, 120, 135, 150, 165, 180], "final_energies": [-1177.25912317, -1177.25814442, -1177.25587083, -1177.25317143, -1177.25237279, -1177.25517212, -1177.25709042, -1177.25760875, -1177.25720506, -1177.25636275, -1177.25528428, -1177.25377612, -1177.2535243, -1177.25432221, -1177.2550684, -1177.25502837, -1177.25430354, -1177.2531888, -1177.25153967, -1177.25003646, -1177.25033327, -1177.25313148, -1177.25639086, -1177.2585552]}}