{"wb97m-v/dzvp": {"Mean": 66.96629312038422, "Stdev": 0.6073800508960172}, "b3lyp-nl/dzvp": {"Mean": 64.02346484661102, "Stdev": 0.4721146818817908}, "dsd-blyp-d3bj/heavy-aug-cc-pvtz": {"Mean": 87.43405447006225, "Stdev": 1.1332685268412899}, "b3lyp-d3bj/dzvp": {"Mean": 10.781466674804687, "Stdev": 0.17255739955000554}}
