{"0": {"wall_time": 22.535220861434937, "nbasis": 248}, "1": {"wall_time": 21.629703044891357, "nbasis": 248}, "2": {"wall_time": 21.08305263519287, "nbasis": 248}, "3": {"wall_time": 12.352813959121704, "nbasis": 180}, "4": {"wall_time": 12.138602495193481, "nbasis": 180}, "5": {"wall_time": 14.116684198379517, "nbasis": 188}, "6": {"wall_time": 14.21228575706482, "nbasis": 188}, "7": {"wall_time": 16.97542405128479, "nbasis": 206}, "8": {"wall_time": 17.326392650604248, "nbasis": 206}, "9": {"wall_time": 11.61264443397522, "nbasis": 160}, "10": {"wall_time": 11.810508012771606, "nbasis": 160}, "11": {"wall_time": 19.10968041419983, "nbasis": 216}, "12": {"wall_time": 19.137532472610474, "nbasis": 216}, "13": {"wall_time": 20.516527891159058, "nbasis": 216}, "14": {"wall_time": 20.577423810958862, "nbasis": 216}, "15": {"wall_time": 12.200304985046387, "nbasis": 170}, "16": {"wall_time": 12.242209434509277, "nbasis": 170}, "17": {"wall_time": 12.179120063781738, "nbasis": 170}, "18": {"wall_time": 22.56829524040222, "nbasis": 262}, "19": {"wall_time": 23.109571933746338, "nbasis": 262}, "20": {"wall_time": 23.012479543685913, "nbasis": 262}, "21": {"wall_time": 23.097262144088745, "nbasis": 262}, "22": {"wall_time": 23.130292892456055, "nbasis": 262}, "23": {"wall_time": 8.000149488449097, "nbasis": 114}, "24": {"wall_time": 11.326770067214966, "nbasis": 168}, "25": {"wall_time": 4.833682537078857, "nbasis": 68}, "26": {"wall_time": 12.137436151504517, "nbasis": 152}, "27": {"wall_time": 17.844335794448853, "nbasis": 210}, "28": {"wall_time": 19.857516050338745, "nbasis": 218}, "29": {"wall_time": 11.476759433746338, "nbasis": 158}, "30": {"wall_time": 8.024504661560059, "nbasis": 126}, "31": {"wall_time": 10.192042827606201, "nbasis": 164}, "32": {"wall_time": 10.872300863265991, "nbasis": 158}, "33": {"wall_time": 19.378361225128174, "nbasis": 232}, "34": {"wall_time": 19.673308610916138, "nbasis": 232}, "35": {"wall_time": 21.318748235702515, "nbasis": 228}, "36": {"wall_time": 11.747379541397095, "nbasis": 144}, "37": {"wall_time": 13.060278415679932, "nbasis": 176}, "38": {"wall_time": 17.994046449661255, "nbasis": 218}, "39": {"wall_time": 5.209689140319824, "nbasis": 88}, "40": {"wall_time": 17.08268690109253, "nbasis": 198}, "41": {"wall_time": 18.621708154678345, "nbasis": 230}, "42": {"wall_time": 18.092971086502075, "nbasis": 230}, "43": {"wall_time": 13.442220449447632, "nbasis": 186}, "44": {"wall_time": 13.40047836303711, "nbasis": 186}, "45": {"wall_time": 13.254266500473022, "nbasis": 176}, "46": {"wall_time": 18.15914797782898, "nbasis": 212}, "47": {"wall_time": 7.805615425109863, "nbasis": 114}, "48": {"wall_time": 15.247639179229736, "nbasis": 200}, "49": {"wall_time": 14.452828168869019, "nbasis": 200}, "50": {"wall_time": 8.079852104187012, "nbasis": 126}, "51": {"wall_time": 11.028974056243896, "nbasis": 162}, "52": {"wall_time": 12.6155526638031, "nbasis": 168}, "53": {"wall_time": 10.637939214706421, "nbasis": 146}, "54": {"wall_time": 17.07046365737915, "nbasis": 208}, "55": {"wall_time": 21.441569089889526, "nbasis": 250}, "56": {"wall_time": 5.7598490715026855, "nbasis": 86}, "57": {"wall_time": 11.481771469116211, "nbasis": 154}, "58": {"wall_time": 12.573375701904297, "nbasis": 168}}