{"b97-d3bj/def2-tzvp": {"Mean": 49.41302182674408, "Stdev": 1.0977460011510274}, "m05-2x-d3/dzvp": {"Mean": 27.053976440429686, "Stdev": 0.42228454838569274}, "m06-2x-d3/dzvp": {"Mean": 27.25959746837616, "Stdev": 0.3494595899314389}, "m08-hx-d3/dzvp": {"Mean": 27.059079074859618, "Stdev": 0.491229971351691}, "wb97x-d3bj/dzvp": {"Mean": 37.49344937801361, "Stdev": 0.8432928860765468}, "wb97m-d3bj/dzvp": {"Mean": 43.16732244491577, "Stdev": 0.8187055348274683}, "pw6b95-d3bj/dzvp": {"Mean": 27.107387208938597, "Stdev": 0.38742836316964535}, "pw6b95-d3/dzvp": {"Mean": 26.983608150482176, "Stdev": 0.3277304396807326}, "b3lyp-d3bj/dzvp": {"Mean": 21.191121101379395, "Stdev": 0.23879172723861278}, "b3lyp-d3mbj/dzvp": {"Mean": 21.205289602279663, "Stdev": 0.20866452079726344}, "b3lyp-d3bj/def2-sv(p)": {"Mean": 18.21067910194397, "Stdev": 0.3588451361018533}, "b3lyp-d3bj/def2-svp": {"Mean": 19.888197660446167, "Stdev": 0.173011538241679}, "b3lyp-d3bj/def2-tzvp": {"Mean": 51.79665005207062, "Stdev": 0.6318944597292029}, "b3lyp-d3bj/def2-tzvpd": {"Mean": 80.59621984958649, "Stdev": 0.6308695778315075}, "b3lyp-d3bj/def2-tzvpp": {"Mean": 60.2724187374115, "Stdev": 0.9545849517102662}, "b3lyp-d3bj/def2-tzvppd": {"Mean": 92.32843849658965, "Stdev": 1.1829386649415756}, "b3lyp-d3bj/6-31g*": {"Mean": 19.412231945991515, "Stdev": 0.32095839489310024}, "b3lyp-d3bj/6-31+g**": {"Mean": 30.21789755821228, "Stdev": 0.4892961815805927}, "b3lyp-d3bj/6-311+g**": {"Mean": 37.98302476406097, "Stdev": 0.45781903111454086}, "mp2/aug-cc-pvtz": {"Mean": 397.8692538022995, "Stdev": 15.911919789267955}, "mp2/heavy-aug-cc-pvtz": {"Mean": 312.6243653059006, "Stdev": 12.161219797251311}, "b3lyp-d3bj/def2-qzvp": {"Mean": 203.16921682357787, "Stdev": 3.7069272533395874}}
